"band_name","band_url","band_start_time","band_end_time","band_stage","band_day","band_img","band_website_url"
"LANY","http://lineup.sfoutsidelands.com/band/lany","12:45 PM","1:35 PM","Lands End","Friday, August 05","http://s3.amazonaws.com/dostuff-production/band_alternate_photo/custom_photos/67400/custome4e1598fa12d639d0b530dc2c7b77b28.jpg","http://thisislany.com/"
"RA RA RIOT","http://lineup.sfoutsidelands.com/band/ra-ra-riot","2:05 PM","2:55 PM","Lands End","Friday, August 05","http://s3.amazonaws.com/dostuff-production/band_alternate_photo/custom_photos/67420/customd678537ad74ce69dc25aa1f6cb118d20.jpg","http://rarariot.com/"
"ST. LUCIA","http://lineup.sfoutsidelands.com/band/st-lucia","3:25 PM","4:15 PM","Lands End","Friday, August 05","http://s3.amazonaws.com/dostuff-production/band_alternate_photo/custom_photos/67430/custom06ef1b89a0f8c8fb264428495c108e49.jpg","http://stlucianewyork.com/"
"MIIKE SNOW","http://lineup.sfoutsidelands.com/band/miike-snow","4:45 PM","5:45 PM","Lands End","Friday, August 05","http://s3.amazonaws.com/dostuff-production/band_alternate_photo/custom_photos/67450/custom17d6d03bf0d43ef62da3ca2fb1ab034c.jpg","http://www.miikesnow.com/"
"DURAN DURAN","http://lineup.sfoutsidelands.com/band/duran-duran","6:15 PM","7:25 PM","Lands End","Friday, August 05","http://s3.amazonaws.com/dostuff-production/band_alternate_photo/custom_photos/67474/custom23da93083b08a69beb5b0ebf3cb80e31.jpg","http://duranduran.warnereprise.com/"
"LCD SOUNDSYSTEM","http://lineup.sfoutsidelands.com/band/lcd-soundsystem","8:10 PM","9:55 PM","Lands End","Friday, August 05","http://s3.amazonaws.com/dostuff-production/band_alternate_photo/custom_photos/67462/custom2f862134fd0527fb4fd9a01ca89e72bb.jpg","http://lcdsoundsystem.com/"
"WHITNEY","http://lineup.sfoutsidelands.com/band/whitney","12:00 PM","12:45 PM","Sutro","Friday, August 05","http://s3.amazonaws.com/dostuff-production/band_alternate_photo/custom_photos/67442/customd6d8b39e75fb138c6662f4816cfee9f3.jpg","http://www.secretlycanadian.com/artist/?name=whitney"
"CAVEMAN","http://lineup.sfoutsidelands.com/band/caveman","1:15 PM","2:00 PM","Sutro","Friday, August 05","http://s3.amazonaws.com/dostuff-production/band_alternate_photo/custom_photos/67458/custom075fb56da74afaa2e97a05b4335b9c52.jpg","http://cavemantheband.com/"
"WET","http://lineup.sfoutsidelands.com/band/wet","2:30 PM","3:20 PM","Sutro","Friday, August 05","http://s3.amazonaws.com/dostuff-production/band_alternate_photo/custom_photos/67520/custom8c427ae0232ca27673b7fc8379917404.jpg","http://kanyewet.biz/dontyou"
"FOALS","http://lineup.sfoutsidelands.com/band/foals","3:50 PM","4:40 PM","Sutro","Friday, August 05","http://s3.amazonaws.com/dostuff-production/band_alternate_photo/custom_photos/67478/custom1d2762792f9f00cc1b544f35db3d803a.jpg","http://www.foals.co.uk/"
"THE CLAYPOOL LENNON DELIRIUM","http://lineup.sfoutsidelands.com/band/claypool-lennon-delirium","5:10 PM","6:00 PM","Sutro","Friday, August 05","http://s3.amazonaws.com/dostuff-production/band_alternate_photo/custom_photos/67376/custom6c1265a59b5f90cf45d54debc11578e5.jpg","http://lesclaypool.com/news/"
"NATHANIEL RATELIFF & THE NIGHT SWEATS","http://lineup.sfoutsidelands.com/band/nathaniel-rateliff","6:30 PM","7:20 PM","Sutro","Friday, August 05","http://s3.amazonaws.com/dostuff-production/band_alternate_photo/custom_photos/67414/custom3ffec3f5c9bec32d28fb07dfc9f2b6a0.jpg","http://www.nathanielrateliff.com/"
"BEACH HOUSE","http://lineup.sfoutsidelands.com/band/beach-house","7:50 PM","9:00 PM","Sutro","Friday, August 05","http://s3.amazonaws.com/dostuff-production/band_alternate_photo/custom_photos/67370/customed802d737a73cb1bff50474ff23a48d8.jpg","http://beachhousebaltimore.com/"
"MARIAN HILL","http://lineup.sfoutsidelands.com/band/marian-hill","12:45 PM","1:30 PM","Twin Peaks","Friday, August 05","http://s3.amazonaws.com/dostuff-production/band_alternate_photo/custom_photos/67410/custom5c128640882e40825eb7e82a37870a59.jpg","http://www.marianhillmusic.com/"
"JIDENNA","http://lineup.sfoutsidelands.com/band/jidenna","2:10 PM","2:55 PM","Twin Peaks","Friday, August 05","http://s3.amazonaws.com/dostuff-production/band_alternate_photo/custom_photos/67510/custome280c81ee5c14c4b763a8a3c598fadea.jpg","http://jidenna.com/"
"POLIÇA","http://lineup.sfoutsidelands.com/band/poli%C3%A7a","3:40 PM","4:30 PM","Twin Peaks","Friday, August 05","http://s3.amazonaws.com/dostuff-production/band_alternate_photo/custom_photos/67490/customa3f276d2edfe03303d1b945559b12925.jpg","http://thisispolica.com/"
"THOMAS JACK","http://lineup.sfoutsidelands.com/band/thomas-jack","5:15 PM","6:05 PM","Twin Peaks","Friday, August 05","http://s3.amazonaws.com/dostuff-production/band_alternate_photo/custom_photos/67504/custom38a6d21f6636a03b70eb5e8e2b68e772.jpg","http://thomasjackmusic.com/"
"GRIMES","http://lineup.sfoutsidelands.com/band/grimes","6:50 PM","7:50 PM","Twin Peaks","Friday, August 05","http://s3.amazonaws.com/dostuff-production/band_alternate_photo/custom_photos/67380/custom405385480b2ce24f93673fcfd42d58bf.jpg","http://grimesmusic.com/"
"J. COLE","http://lineup.sfoutsidelands.com/band/j-cole","8:40 PM","9:55 PM","Twin Peaks","Friday, August 05","http://s3.amazonaws.com/dostuff-production/band_alternate_photo/custom_photos/67388/customac1aca7d0e8f2fb0aa03582131a2475a.jpg","http://www.jcolemusic.com/"
"DOWN AND OUTLAWS","http://lineup.sfoutsidelands.com/band/down-and-outlaws-","12:00 PM","12:40 PM","Panhandle","Friday, August 05","http://s3.amazonaws.com/dostuff-production/band_alternate_photo/custom_photos/71095/custom2a573c896a103e316f34671ca2b78456.jpg","http://www.downandoutlaws.com/"
"MOON TAXI","http://lineup.sfoutsidelands.com/band/moon-taxi","1:30 PM","2:10 PM","Panhandle","Friday, August 05","http://s3.amazonaws.com/dostuff-production/band_alternate_photo/custom_photos/67512/custombe9a5d45b4cd484afc06abdfba02851c.jpg","http://ridethemoontaxi.com/"
"VULFPECK","http://lineup.sfoutsidelands.com/band/vulpeck","2:55 PM","3:35 PM","Panhandle","Friday, August 05","http://s3.amazonaws.com/dostuff-production/band_alternate_photo/custom_photos/67541/custom816e13165a3e3ce09b55387ce89b5c68.jpg","http://vulfpeck.com/"
"TOKIMONSTA","http://lineup.sfoutsidelands.com/band/tokimonsta","4:30 PM","5:10 PM","Panhandle","Friday, August 05","http://s3.amazonaws.com/dostuff-production/band_alternate_photo/custom_photos/67516/custom97fe032b1d538df772b40e485af60efe.jpg","http://www.tokimonsta.com/"
"LÅPSLEY","http://lineup.sfoutsidelands.com/band/lapsley-","6:05 PM","6:45 PM","Panhandle","Friday, August 05","http://s3.amazonaws.com/dostuff-production/band_alternate_photo/custom_photos/67524/custom692acfbfc03ac4eca37e1deb45107dab.jpg","http://musiclapsley.com/"
"HIATUS KAIYOTE","http://lineup.sfoutsidelands.com/band/haitus-kaiyote","7:50 PM","8:35 PM","Panhandle","Friday, August 05","http://s3.amazonaws.com/dostuff-production/band_alternate_photo/custom_photos/67482/customd2e512bc50f6ac1f622713705851e555.jpg","http://hiatuskaiyote.com/"
"Make It Funky Djs","http://lineup.sfoutsidelands.com/band/make-it-funky-djs","12:00 PM","1:30 PM","The House by Heineken","Friday, August 05","http://s3.amazonaws.com/dostuff-production/band_alternate_photo/custom_photos/71035/customc86c6a907c8bc8035e85c1674876e700.png","https://twitter.com/MakeItFunky_"
"219 Boys","http://lineup.sfoutsidelands.com/band/219-boys","1:30 PM","3:00 PM","The House by Heineken","Friday, August 05","http://s3.amazonaws.com/dostuff-production/band_alternate_photo/custom_photos/71041/customc96f5bd37ce276e5b28029da7e29e4b4.jpg","http://www.219boys.com/"
"FDVM","http://lineup.sfoutsidelands.com/band/fdvm-vjbkcgld","3:00 PM","4:30 PM","The House by Heineken","Friday, August 05","http://s3.amazonaws.com/dostuff-production/band_alternate_photo/custom_photos/71037/customb61fdfcb548c50ff470f85c26c03517e.jpg","https://soundcloud.com/fdvm"
"Redlight","http://lineup.sfoutsidelands.com/band/redlight-","4:30 PM","6:00 PM","The House by Heineken","Friday, August 05","http://s3.amazonaws.com/dostuff-production/band_alternate_photo/custom_photos/71053/custom9e983f617fa599862e16dbf590e8f579.jpg","http://www.redlightmusic.co.uk/"
"PillowTalk","http://lineup.sfoutsidelands.com/band/pillowtalk","6:00 PM","8:00 PM","The House by Heineken","Friday, August 05","http://s3.amazonaws.com/dostuff-production/band_alternate_photo/custom_photos/71029/custome7a799b28c5b98506b0fa9d738796357.jpg","https://soundcloud.com/pillow-talk-1"
"The Romane Event with Paco Romane & Friends : featuring Moshe Kasher, Josef Anolin, Josh Androsky, Kaseem Bentley, Clare O'Kane, Spencer Devine, David Gborie, Krista Fatka, David Roth, Jane Harrison, and Casey Ley","http://lineup.sfoutsidelands.com/band/josh-androsky-kaseem-bentley-nicole-calasich-shanti-charan-david-gborie-jane-harrison-casey-ley-clare-okane-and-torio-van-grol","1:20 PM","2:30 PM","The Barbary","Friday, August 05","http://s3.amazonaws.com/dostuff-production/band_alternate_photo/custom_photos/70982/customc14082ed28c79c2b3a32ec1e54f88d00.png","http://www.pacoromane.com/"
"Hound Tall Discussion Series with Moshe Kasher","http://lineup.sfoutsidelands.com/band/hound-tall-with-moshe-kasher","3:00 PM","3:50 PM","The Barbary","Friday, August 05","http://s3.amazonaws.com/dostuff-production/band_alternate_photo/custom_photos/70708/custom34d77e8cc5e5acc918b94c8c9b0aa400.png","http://moshekasher.com/"
"NATASHA LEGGERO, JOHN EARLY, AND JERMAINE FOWLER","http://lineup.sfoutsidelands.com/band/natasha-leggero","4:20 PM","5:05 PM","The Barbary","Friday, August 05","http://s3.amazonaws.com/dostuff-production/band_alternate_photo/custom_photos/70752/custom65a0c4fc7f1ae0a4302cabdc0ca58ce6.png","http://natashaleggero.com/"
"John Mulaney & Beth Stelling","http://lineup.sfoutsidelands.com/band/john-mulaney","5:35 PM","6:25 PM","The Barbary","Friday, August 05","http://s3.amazonaws.com/dostuff-production/band_alternate_photo/custom_photos/70786/custom906c941bdc4bee4d6c4970928a2988af.png","http://mulaney.tumblr.com/"
"Anthony Jeselnik, KYLE KINANE AND CLAUDIA O'DOHERTY","http://lineup.sfoutsidelands.com/band/kyle-kinane","6:45 PM","7:50 PM","The Barbary","Friday, August 05","http://s3.amazonaws.com/dostuff-production/band_alternate_photo/custom_photos/70788/customa6a725cc24eb99443aeb60820fc302f5.png","http://kylekinane.com/"
"LEWIS DEL MAR","http://lineup.sfoutsidelands.com/band/lewis-del-mar","12:45 PM","1:30 PM","Lands End","Saturday, August 06","http://s3.amazonaws.com/dostuff-production/band_alternate_photo/custom_photos/67448/custom1432c08d50d6be3a6e4c7dd64e4558f7.jpg","http://lewisdelmar.com/home"
"THE WOMBATS","http://lineup.sfoutsidelands.com/band/the-wombats","2:00 PM","2:50 PM","Lands End","Saturday, August 06","http://s3.amazonaws.com/dostuff-production/band_alternate_photo/custom_photos/68819/custom26a2122a3b406f3eacfdf49f311fff6d.jpg","http://www.thewombats.co.uk/"
"YEARS & YEARS","http://lineup.sfoutsidelands.com/band/years-and-years","3:20 PM","4:10 PM","Lands End","Saturday, August 06","http://s3.amazonaws.com/dostuff-production/band_alternate_photo/custom_photos/69246/custom6ea258d6e127823b3888ba8b82db40df.jpg","http://yearsandyearsofficial.com/"
"BIG GRAMS (BIG BOI + PHANTOGRAM)","http://lineup.sfoutsidelands.com/band/big-grams","4:40 PM","5:40 PM","Lands End","Saturday, August 06","http://s3.amazonaws.com/dostuff-production/band_alternate_photo/custom_photos/67522/customc1c553b98d704d332438f8f5563d9351.jpg","http://biggrams.com/"
"AIR","http://lineup.sfoutsidelands.com/band/air-tjzkkqxi","6:10 PM","7:10 PM","Lands End","Saturday, August 06","http://s3.amazonaws.com/dostuff-production/band_alternate_photo/custom_photos/68688/custom438f78ae7fb5dcc7fbaf7f35eba032ab.jpg","http://www.aircheology.com/"
"RADIOHEAD","http://lineup.sfoutsidelands.com/band/radiohead-","7:55 PM","9:55 PM","Lands End","Saturday, August 06","http://s3.amazonaws.com/dostuff-production/band_alternate_photo/custom_photos/67537/custom761cfe6f2e66837348a9b1ba0642f8f7.jpg","http://www.radiohead.com/"
"JULIEN BAKER","http://lineup.sfoutsidelands.com/band/julien-baker","12:00 PM","12:45 PM","Sutro","Saturday, August 06","http://s3.amazonaws.com/dostuff-production/band_alternate_photo/custom_photos/67492/custom91f9a3eb90b9ccae09df6c3ee6c1266e.jpg","http://julienbaker.bandcamp.com/album/sprained-ankle-3"
"ROGUE WAVE","http://lineup.sfoutsidelands.com/band/rogue-wave","1:15 PM","2:05 PM","Sutro","Saturday, August 06","http://s3.amazonaws.com/dostuff-production/band_alternate_photo/custom_photos/67422/custom4470bdcca7f9626489c38ba7d1498374.jpg","http://roguewavemusic.com/"
"IBEYI","http://lineup.sfoutsidelands.com/band/ibeyi","2:35 PM","3:25 PM","Sutro","Saturday, August 06","http://s3.amazonaws.com/dostuff-production/band_alternate_photo/custom_photos/67386/custom4b7faf3ae7d0c49010acf093e6a00350.jpg","http://ibeyi.fr/"
"LORD HURON","http://lineup.sfoutsidelands.com/band/lord-huron","3:55 PM","4:45 PM","Sutro","Saturday, August 06","http://s3.amazonaws.com/dostuff-production/band_alternate_photo/custom_photos/67406/custom20338932e24cd7839f194e7377276ebd.jpg","http://strangetrails.com/"
"THE LAST SHADOW PUPPETS","http://lineup.sfoutsidelands.com/band/the-last-shadow-puppets","5:15 PM","6:05 PM","Sutro","Saturday, August 06","http://s3.amazonaws.com/dostuff-production/band_alternate_photo/custom_photos/67446/custom5947b8907222c42e6969102e2111db49.jpg","http://www.thelastshadowpuppets.com/"
"SUFJAN STEVENS","http://lineup.sfoutsidelands.com/band/sufjan-stevens","6:35 PM","7:45 PM","Sutro","Saturday, August 06","http://s3.amazonaws.com/dostuff-production/band_alternate_photo/custom_photos/67432/custom31dd7a18e0463728579774d588e9c313.jpg","http://sufjan.com/"
"FANTASTIC NEGRITO","http://lineup.sfoutsidelands.com/band/fantastic-negrito","12:40 PM","1:25 PM","Twin Peaks","Saturday, August 06","http://s3.amazonaws.com/dostuff-production/band_alternate_photo/custom_photos/71025/custom18b55837f94c7dff2fc295bbb707a9cf.png","http://www.fantasticnegrito.com/"
"THE KNOCKS","http://lineup.sfoutsidelands.com/band/the-knocks","2:05 PM","2:55 PM","Twin Peaks","Saturday, August 06","http://s3.amazonaws.com/dostuff-production/band_alternate_photo/custom_photos/67434/customc0afff04938881f260d058f4d617799b.jpg","http://www.theknocks.com/"
"VINCE STAPLES","http://lineup.sfoutsidelands.com/band/vince-staples","3:40 PM","4:30 PM","Twin Peaks","Saturday, August 06","http://s3.amazonaws.com/dostuff-production/band_alternate_photo/custom_photos/67440/custome19162faea2bfe40dea82100402a7845.jpg","http://www.vincestaples.com/"
"JAUZ","http://lineup.sfoutsidelands.com/band/jauz","5:15 PM","6:05 PM","Twin Peaks","Saturday, August 06","http://s3.amazonaws.com/dostuff-production/band_alternate_photo/custom_photos/67390/customc77d841e1268d3a3cc313d4c575f0673.jpg","http://jauzofficial.com/"
"HALSEY","http://lineup.sfoutsidelands.com/band/halsey","6:55 PM","7:55 PM","Twin Peaks","Saturday, August 06","http://s3.amazonaws.com/dostuff-production/band_alternate_photo/custom_photos/67384/customfa7f922cb5e3187d9acf843f8c03026e.jpg","http://iamhalsey.com/"
"ZEDD","http://lineup.sfoutsidelands.com/band/zedd","8:40 PM","9:55 PM","Twin Peaks","Saturday, August 06","http://s3.amazonaws.com/dostuff-production/band_alternate_photo/custom_photos/67444/customd5c3b8ab1020e7cfb95ed686357a65f1.jpg","http://zedd.net/"
"METHYL ETHEL","http://lineup.sfoutsidelands.com/band/methyl-ethel","12:00 PM","12:40 PM","Panhandle","Saturday, August 06","http://s3.amazonaws.com/dostuff-production/band_alternate_photo/custom_photos/67412/customcd5af4cff8d69ecfa216affefb0203a6.jpg","http://methylethel.com/"
"DECLAN MCKENNA","http://lineup.sfoutsidelands.com/band/declan-mckenna-wfvuilat","1:25 PM","2:05 PM","Panhandle","Saturday, August 06","http://s3.amazonaws.com/dostuff-production/band_alternate_photo/custom_photos/67472/customf454c9519b10377bebb5a0c8b1cd22b9.jpg","http://www.declanmckenna.net/"
"KEVIN MORBY","http://lineup.sfoutsidelands.com/band/kevin-morby","2:55 PM","3:35 PM","Panhandle","Saturday, August 06","http://s3.amazonaws.com/dostuff-production/band_alternate_photo/custom_photos/67396/custom04830caf1c7dc0e0fb37cb5e24f8fd6f.jpg","http://kevinmorby.com/"
"CON BRIO","http://lineup.sfoutsidelands.com/band/con-brio","4:30 PM","5:10 PM","Panhandle","Saturday, August 06","http://s3.amazonaws.com/dostuff-production/band_alternate_photo/custom_photos/70921/custom2171132f4009a259a51c0c51cb0539c3.png","http://thebandconbrio.com/"
"PEACHES","http://lineup.sfoutsidelands.com/band/peaches-","6:05 PM","6:50 PM","Panhandle","Saturday, August 06","http://s3.amazonaws.com/dostuff-production/band_alternate_photo/custom_photos/67518/custom4adc2dc5ef6ef60281011c3cd7e86c92.jpg","http://peachesrocks.com/rub-tv/"
"ANDERSON .PAAK & THE FREE NATIONALS","http://lineup.sfoutsidelands.com/band/anderson-paak-and-the-free-nationals","7:55 PM","8:40 PM","Panhandle","Saturday, August 06","http://s3.amazonaws.com/dostuff-production/band_alternate_photo/custom_photos/67368/custome4e354e93db2ebaf7eea9e367e17905c.jpg","http://andersonpaak.com/"
"Motion Potion","http://lineup.sfoutsidelands.com/band/motion-potion","12:00 PM","3:00 PM","The House by Heineken","Saturday, August 06","http://s3.amazonaws.com/dostuff-production/band_alternate_photo/custom_photos/71057/customc5a0d910b7c158eaaffad5ca7a84e847.jpg","http://www.motionpotion.com/"
"W.Haze","http://lineup.sfoutsidelands.com/band/w-haze","3:00 PM","4:30 PM","The House by Heineken","Saturday, August 06","http://s3.amazonaws.com/dostuff-production/band_alternate_photo/custom_photos/71033/custom0d48daa09d702f9576ed706e5fdd068b.jpg","http://djzachmoore.com/whaze/"
"Translucent","http://lineup.sfoutsidelands.com/band/transluscent","4:30 PM","5:30 PM","The House by Heineken","Saturday, August 06","http://s3.amazonaws.com/dostuff-production/band_alternate_photo/custom_photos/71031/custom2d1cbe32dcefa9db4155a7a8b9c15857.jpg","http://iamtranslucent.com/"
"Purple Disco Machine","http://lineup.sfoutsidelands.com/band/purple-disco-machine","5:30 PM","6:30 PM","The House by Heineken","Saturday, August 06","http://s3.amazonaws.com/dostuff-production/band_alternate_photo/custom_photos/71027/custom6c634ae450a8522fe8267191c83bd7d2.jpg","http://www.purplediscomachine.com/"
"VICTOR CALDERONE","http://lineup.sfoutsidelands.com/band/victor-calderone","6:30 PM","8:00 PM","The House by Heineken","Saturday, August 06","http://s3.amazonaws.com/dostuff-production/band_alternate_photo/custom_photos/71055/custom6a30a30a3c0c6a663e6f5d96e0fd8291.jpg","http://victorcalderone.com/"
"Harmontown: Dan Harmon & Jeff B. Davis","http://lineup.sfoutsidelands.com/band/dan-harmon-and-jeff-b-davis","12:50 PM","1:35 PM","The Barbary","Saturday, August 06","http://s3.amazonaws.com/dostuff-production/band_alternate_photo/custom_photos/70712/customd5b6b94fc073fa7de37ec5fd32d347d8.png","http://harmontown.com/"
"NATASHA LEGGERO, MOSHE KASHER, JOHN EARLY AND JERMAINE FOWLER","http://lineup.sfoutsidelands.com/band/natasha-leggero","2:05 PM","3:00 PM","The Barbary","Saturday, August 06","https://cdn.pastemagazine.com/www/articles/leggero_kasher_honeymoon_main.jpg","http://lineup.sfoutsidelands.com"
"John Mulaney & Beth Stelling","http://lineup.sfoutsidelands.com/band/john-mulaney","3:25 PM","4:15 PM","The Barbary","Saturday, August 06","https://skepchick.org/wp-content/uploads/2015/12/beth-stelling.jpg","http://lineup.sfoutsidelands.com"
"Anthony Jeselnik, KYLE KINANE AND CLAUDIA O'DOHERTY","http://lineup.sfoutsidelands.com/band/kyle-kinane","4:40 PM","5:35 PM","The Barbary","Saturday, August 06","http://media.mlive.com/grpress/entertainment_impact/photo/anthony-jeselnikjpg-ce699eb395cf291d.jpg","http://lineup.sfoutsidelands.com"
"THE GODDAMN COMEDY JAM WITH SPECIAL GUESTS Dana Gould, Kyle Kinane, John Early & Beth Stelling","http://lineup.sfoutsidelands.com/band/goddamn-jam-","6:15 PM","7:05 PM","The Barbary","Saturday, August 06","http://s3.amazonaws.com/dostuff-production/band_alternate_photo/custom_photos/70702/custome6e0183cd6e148b3ba4bae6e59c775f3.png","https://www.facebook.com/thegoddamncomedyjam/info/?entry_point=page_nav_about_item&tab=page_info"
"KAMASI WASHINGTON","http://lineup.sfoutsidelands.com/band/kamasi-washington","12:00 PM","12:45 PM","Lands End","Sunday, August 07","http://s3.amazonaws.com/dostuff-production/band_alternate_photo/custom_photos/67392/custom9c53f1622d0223891818166dfce2b66b.jpg","http://kamasiwashington.com/"
"OH WONDER","http://lineup.sfoutsidelands.com/band/oh-wonder","1:15 PM","2:00 PM","Lands End","Sunday, August 07","http://s3.amazonaws.com/dostuff-production/band_alternate_photo/custom_photos/67416/customa8941d8324456bc2c440d8ba2f2b93cd.jpg","http://ohwondermusic.com/"
"THE MUPPETS’ DR. TEETH AND THE ELECTRIC MAYHEM","http://lineup.sfoutsidelands.com/band/the-muppets%E2%80%99-dr-teeth-and-the-electric-mayhem","2:30 PM","2:55 PM","Lands End","Sunday, August 07","http://s3.amazonaws.com/dostuff-production/band_alternate_photo/custom_photos/67436/custome0af3249b0d71707b4205b1416c1a3b3.jpg","http://muppets.disney.com/"
"THIRD EYE BLIND","http://lineup.sfoutsidelands.com/band/third-eye-blind","3:25 PM","4:25 PM","Lands End","Sunday, August 07","http://s3.amazonaws.com/dostuff-production/band_alternate_photo/custom_photos/67456/customdf78a91c52350e570ef7689749922501.jpg","http://thirdeyeblind.com/"
"CHANCE THE RAPPER","http://lineup.sfoutsidelands.com/band/chance-the-rapper","4:55 PM","5:55 PM","Lands End","Sunday, August 07","http://s3.amazonaws.com/dostuff-production/band_alternate_photo/custom_photos/67468/custom460ebafe77bc797b014aeb9de83e265a.jpg","http://chanceraps.com/"
"MAJOR LAZER","http://lineup.sfoutsidelands.com/band/major-lazer","6:25 PM","7:25 PM","Lands End","Sunday, August 07","http://s3.amazonaws.com/dostuff-production/band_alternate_photo/custom_photos/67408/custom42d1bbc3b5eeac38f84b7699c69fce08.jpg","http://majorlazer.com/"
"LIONEL RICHIE","http://lineup.sfoutsidelands.com/band/lionel-richie","8:05 PM","9:35 PM","Lands End","Sunday, August 07","http://s3.amazonaws.com/dostuff-production/band_alternate_photo/custom_photos/67404/custom5b585f00077fade98b7581a588cd940a.jpg","lionelrichie.com"
"FRANCES","http://lineup.sfoutsidelands.com/band/frances-","12:05 PM","12:50 PM","Sutro","Sunday, August 07","http://s3.amazonaws.com/dostuff-production/band_alternate_photo/custom_photos/67480/custom5b25afaa1b0ea9380e8e863bc31352c5.jpg","http://www.francesmusic.com/"
"THE OH HELLOS","http://lineup.sfoutsidelands.com/band/the-oh-hellos","1:20 PM","2:05 PM","Sutro","Sunday, August 07","http://s3.amazonaws.com/dostuff-production/band_alternate_photo/custom_photos/67438/custom16abf4f53d01fbeda701db99d5d7ae31.jpg","http://theohhellos.com/"
"JACK GARRATT","http://lineup.sfoutsidelands.com/band/jack-garratt","2:35 PM","3:25 PM","Sutro","Sunday, August 07","http://s3.amazonaws.com/dostuff-production/band_alternate_photo/custom_photos/67486/customf7bf29c12dfbcd9a25bf6f15abef51ea.jpg","http://jackgarratt.com/"
"BRANDI CARLILE","http://lineup.sfoutsidelands.com/band/brandi-carlile","3:55 PM","4:45 PM","Sutro","Sunday, August 07","http://s3.amazonaws.com/dostuff-production/band_alternate_photo/custom_photos/67374/custom1fb0c662762d747f51454d109bf2f058.jpg","http://brandicarlile.com/"
"JASON ISBELL","http://lineup.sfoutsidelands.com/band/jason-isbell","5:15 PM","6:05 PM","Sutro","Sunday, August 07","http://s3.amazonaws.com/dostuff-production/band_alternate_photo/custom_photos/67452/custom95c540f864715bceb044ca4a92c6fecc.jpg","http://jasonisbell.com/"
"RYAN ADAMS AND THE SHINING","http://lineup.sfoutsidelands.com/band/ryan-adams","6:35 PM","7:50 PM","Sutro","Sunday, August 07","http://s3.amazonaws.com/dostuff-production/band_alternate_photo/custom_photos/67426/customc8376edbe80d49d185a3d2b9daa61b15.jpg","http://paxamrecords.com/"
"NATALIA LAFOURCADE","http://lineup.sfoutsidelands.com/band/natalie-lafourcade","12:40 PM","1:20 PM","Twin Peaks","Sunday, August 07","http://s3.amazonaws.com/dostuff-production/band_alternate_photo/custom_photos/70942/custom0871a0b7aa8d9a8c9c870c64a6a45b21.png","http://www.lafourcade.com.mx/en/"
"SNAKEHIPS","http://lineup.sfoutsidelands.com/band/snakehips","2:00 PM","2:45 PM","Twin Peaks","Sunday, August 07","http://s3.amazonaws.com/dostuff-production/band_alternate_photo/custom_photos/67428/custome3f59d6c6aded8cd7d46d5005e13b8cb.jpg","http://www.snakehips.biz/"
"GRIZ","http://lineup.sfoutsidelands.com/band/griz","3:30 PM","4:20 PM","Twin Peaks","Sunday, August 07","http://s3.amazonaws.com/dostuff-production/band_alternate_photo/custom_photos/67382/customd8f40212177e4c149f4de193dfdf0ca5.jpg","http://mynameisgriz.com/"
"KEHLANI","http://lineup.sfoutsidelands.com/band/kehlani","5:05 PM","5:55 PM","Twin Peaks","Sunday, August 07","http://s3.amazonaws.com/dostuff-production/band_alternate_photo/custom_photos/67394/custom2b8f35e04824a51d182f9630610d1eba.jpg","http://www.kehlanimusic.com/"
"MIGUEL","http://lineup.sfoutsidelands.com/band/miguel","6:40 PM","7:40 PM","Twin Peaks","Sunday, August 07","http://s3.amazonaws.com/dostuff-production/band_alternate_photo/custom_photos/67460/custom4912d719d0291934562c3c76fcd4d561.jpg","http://www.officialmiguel.com/"
"LANA DEL REY","http://lineup.sfoutsidelands.com/band/lana-del-rey","8:25 PM","9:35 PM","Twin Peaks","Sunday, August 07","http://s3.amazonaws.com/dostuff-production/band_alternate_photo/custom_photos/67398/customfad0dc26037ecdfd2d104fa8fc7af311.jpg","http://lanadelrey.com/"
"HERON OBLIVION","http://lineup.sfoutsidelands.com/band/heron-oblivion","12:00 PM","12:40 PM","Panhandle","Sunday, August 07","http://s3.amazonaws.com/dostuff-production/band_alternate_photo/custom_photos/67454/custombb9b9880a1c419e66bab450e4b8facc6.jpg","https://soundcloud.com/heron-oblivion"
"CLOVES","http://lineup.sfoutsidelands.com/band/cloves","1:20 PM","2:00 PM","Panhandle","Sunday, August 07","http://s3.amazonaws.com/dostuff-production/band_alternate_photo/custom_photos/67470/customa1f4187f41f14d7aa31864292378af13.jpg","http://instagram.com/clovesdot"
"HÆLOS","http://lineup.sfoutsidelands.com/band/h%C3%86los","2:45 PM","3:25 PM","Panhandle","Sunday, August 07","http://s3.amazonaws.com/dostuff-production/band_alternate_photo/custom_photos/67484/custom4f9511ae0de7857b002bacf9a105cfb0.jpg","http://www.haelos.com/"
"DIIV","http://lineup.sfoutsidelands.com/band/diiv","4:20 PM","5:00 PM","Panhandle","Sunday, August 07","http://s3.amazonaws.com/dostuff-production/band_alternate_photo/custom_photos/67378/custom45a8ebda2f6baf48f3ed4a911ae8e045.jpg","http://www.diiv.net/"
"RÜFÜS DU SOL","http://lineup.sfoutsidelands.com/band/rufus-du-sol","5:55 PM","6:35 PM","Panhandle","Sunday, August 07","http://s3.amazonaws.com/dostuff-production/band_alternate_photo/custom_photos/67424/custom84a872bdc5f596b047a7a68dcf054fd6.jpg","http://www.rufussounds.com/"
"LETTUCE","http://lineup.sfoutsidelands.com/band/lettuce","7:40 PM","8:30 PM","Panhandle","Sunday, August 07","http://s3.amazonaws.com/dostuff-production/band_alternate_photo/custom_photos/67402/custom12a7c5db2abeb476403be2f30a083359.jpg","http://lettucefunk.com/"
"Grensta","http://lineup.sfoutsidelands.com/band/grensta","12:00 PM","1:30 PM","The House by Heineken","Sunday, August 07","http://s3.amazonaws.com/dostuff-production/band_alternate_photo/custom_photos/71045/customf6af626795e86402efb5c50ae95177eb.jpg","http://www.thegrensta.com/"
"Derek Hena","http://lineup.sfoutsidelands.com/band/derek-hena","1:30 PM","3:00 PM","The House by Heineken","Sunday, August 07","http://s3.amazonaws.com/dostuff-production/band_alternate_photo/custom_photos/71051/custom1bea47320ae4b8e9d929ea854297f72f.png","http://www.pinkmammoth.org/participants/derekhena/"
"Deckard","http://lineup.sfoutsidelands.com/band/deckard","3:00 PM","4:30 PM","The House by Heineken","Sunday, August 07","http://s3.amazonaws.com/dostuff-production/band_alternate_photo/custom_photos/71049/custom19c3a274e0fb2e4a2d9f933eb57d1717.jpg","http://www.deckard-dj.com/"
"GINA TURNER","http://lineup.sfoutsidelands.com/band/gina-turner","4:30 PM","6:00 PM","The House by Heineken","Sunday, August 07","http://s3.amazonaws.com/dostuff-production/band_alternate_photo/custom_photos/71043/custombf59975f6497273dad7ed28022ff1153.jpg","https://www.youtube.com/user/djginaturnerTV"
"Lee K","http://lineup.sfoutsidelands.com/band/lee-k","6:00 PM","8:00 PM","The House by Heineken","Sunday, August 07","http://s3.amazonaws.com/dostuff-production/band_alternate_photo/custom_photos/71039/custom5e5082d112f7953b39ca6c42bc0633bd.jpg","http://residentadvisor.net/dj/leek"
"Jo Firestone's Friends of Single People","http://lineup.sfoutsidelands.com/band/jo-firestones-friends-of-single-people","12:30 PM","1:15 PM","The Barbary","Sunday, August 07","http://s3.amazonaws.com/dostuff-production/band_alternate_photo/custom_photos/70694/custom1483054e1f99eb3765af04c74a7b9948.png","http://www.jofirestone.com/"
"Sasheer Zamata & Nicole Byer","http://lineup.sfoutsidelands.com/band/zamata-and-byer","1:45 PM","2:30 PM","The Barbary","Sunday, August 07","http://s3.amazonaws.com/dostuff-production/band_alternate_photo/custom_photos/70835/customce55290000fffe75d0da20d03640fd91.jpg","http://sasheer.com/"
"Spontaneanation with Paul F. Tompkins feat. Eban Schletter and guests: Craig Cackowski, Tawny Newsome, Janet Varney","http://lineup.sfoutsidelands.com/band/craig-cackowski-tawny-newsome-janet-varney","3:25 PM","4:15 PM","The Barbary","Sunday, August 07","http://s3.amazonaws.com/dostuff-production/band_alternate_photo/custom_photos/70863/customa87317d8f0e04ca987df6b7298e753a8.jpg","http://paulftompkins.com/"
"FRED ARMISEN & FRIENDS FEAT. BOB MOULD & CHARLYNE YI","http://lineup.sfoutsidelands.com/band/fred-armisen","4:45 PM","5:35 PM","The Barbary","Sunday, August 07","http://s3.amazonaws.com/dostuff-production/band_alternate_photo/custom_photos/70700/customce8389b638503297565a542aeacf009a.png","http://fredarmisen.com/"
"JASH PRESENTS POUND HOUSE LIVE HOSTED BY BRENT WEINBACH & DJ DOUGGPOUND WITH ESTHER POVITSKY & JOHNNY PEMBERTON AND SPECIAL GUEST NATASHA LEGGERO","http://lineup.sfoutsidelands.com/band/jash-birthday-party","6:05 PM","6:55 PM","The Barbary","Sunday, August 07","http://s3.amazonaws.com/dostuff-production/band_alternate_photo/custom_photos/70831/customc3b8cdf3a4d13c1c4c894e25b770f578.jpg","http://jash.com/"